K,difficulty,n_groups,n_completions,informative_rate,uninformative_rate,low_signal_rate_std_lt_0p1,mean_within_group_std,median_within_group_std,var_normalized_advantage,var_centered_reward,nonzero_advantage_rate,baseline_abs_error_vs_k8_mean,sign_agreement_with_k8,truncated_rate
2,all,96,192,0.9375,0.0625,0.23958333333333334,0.3845672607421875,0.244384765625,0.9374814033508301,0.3368348789711793,0.9375,0.3319231669108073,0.7611111111111111,0.15104166666666666
2,hard,32,64,0.84375,0.15625,0.25,0.49340057373046875,0.28173828125,0.8437429666519165,0.5984376166015863,0.84375,0.4111747741699219,0.7222222222222222,0.140625
2,medium,32,64,0.96875,0.03125,0.1875,0.41237640380859375,0.34375,0.968732476234436,0.3040905836969614,0.96875,0.28173828125,0.8064516129032258,0.25
2,easy,32,64,1.0,0.0,0.28125,0.2479248046875,0.17578125,0.9999688267707825,0.10797643661499023,1.0,0.3028564453125,0.75,0.0625
4,all,48,192,0.9583333333333334,0.041666666666666664,0.0625,0.5410043647319412,0.4736660710759407,0.95832759141922,0.4677260586371024,0.9583333134651184,0.213775634765625,0.8858695652173914,0.15104166666666666
4,hard,16,64,0.875,0.125,0.125,0.6614877562072954,0.5703299005800886,0.8749959468841553,0.786526813171804,0.875,0.27341461181640625,0.8392857142857143,0.140625
4,medium,16,64,1.0,0.0,0.0625,0.5516941225351226,0.5024075828844553,0.9999937415122986,0.4017186826094985,1.0,0.16808319091796875,0.90625,0.25
4,easy,16,64,1.0,0.0,0.0,0.4098312154534056,0.4150642483805644,0.999993085861206,0.21493268013000488,1.0,0.1998291015625,0.90625,0.0625
8,all,24,192,0.9583333333333334,0.041666666666666664,0.041666666666666664,0.6190544134665206,0.4710747400002171,0.9583290815353394,0.5598951438441873,0.9583333134651184,0.0,1.0,0.15104166666666666
8,hard,8,64,0.875,0.125,0.125,0.7633688437029319,0.6901349406675423,0.8749973773956299,0.8869009069167078,0.875,0.0,1.0,0.140625
8,medium,8,64,1.0,0.0,0.0,0.5990220788024174,0.5542563447795222,0.9999955892562866,0.44691224163398147,1.0,0.0,1.0,0.25
8,easy,8,64,1.0,0.0,0.0,0.49477231789421244,0.4295704489256529,0.9999942183494568,0.34587228298187256,1.0,0.0,1.0,0.0625
